NR_ATENDIMENTO,NR_ATENDIMENTO_MAE,DT_ENTRADA,DT_INICIO_ATENDIMENTO,DT_ATEND_MEDICO,DT_ALTA,DT_ALTA_MEDICO,DT_FIM_TRIAGEM,NR_SEQ_TRIAGEM,DT_MEDICACAO,CD_MOTIVO_ALTA,CD_MOTIVO_ALTA_MEDICA,IE_TIPO_ATENDIMENTO,CD_PESSOA_FISICA,CD_MEDICO_RESP,NR_SEQ_PAC_SENHA_FILA,IE_CLINICA,CD_ESTABELECIMENTO
5203531,,2022-02-02 00:36:15,2022-02-02 00:57:51,2022-02-02 01:32:59,,,2022-02-02 01:02:43,10,,,,3,401013,39889,4510686,4,34
5203531,,2022-02-02 00:36:15,2022-02-02 00:57:51,2022-02-02 01:32:59,,,2022-02-02 01:02:43,10,,,,3,401013,39889,4510686,4,34
5203532,,2022-02-02 00:36:54,2022-02-02 00:56:02,2022-02-02 01:03:28,,,2022-02-02 00:58:32,10,,,,3,221727,258493,4510689,1020,1
5203532,,2022-02-02 00:36:54,2022-02-02 00:56:02,2022-02-02 01:03:28,,,2022-02-02 00:58:32,10,,,,3,221727,258493,4510689,1020,1
