NR_ATENDIMENTO,NR_ATENDIMENTO_MAE,DT_ENTRADA,DT_INICIO_ATENDIMENTO,DT_ATEND_MEDICO,DT_ALTA,DT_ALTA_MEDICO,DT_FIM_TRIAGEM,NR_SEQ_TRIAGEM,DT_MEDICACAO,CD_MOTIVO_ALTA,CD_MOTIVO_ALTA_MEDICA,IE_TIPO_ATENDIMENTO,CD_PESSOA_FISICA,CD_MEDICO_RESP,NR_SEQ_PAC_SENHA_FILA,IE_CLINICA,CD_ESTABELECIMENTO
5410489,,2022-04-08 03:03:34,2022-04-08 03:05:52,2022-04-08 03:19:22,,,2022-04-08 03:07:15,10,,,,3,1969244,24846,4676171,4,34
5410489,,2022-04-08 03:03:34,2022-04-08 03:05:52,2022-04-08 03:19:22,,,2022-04-08 03:07:15,10,,,,3,1969244,24846,4676171,4,34
5410490,,2022-04-08 03:04:38,2022-04-08 03:07:19,2022-04-08 03:15:19,,,2022-04-08 03:07:31,10,,,,3,424327,24846,4676172,4,34
5410490,,2022-04-08 03:04:38,2022-04-08 03:07:19,2022-04-08 03:15:19,,,2022-04-08 03:07:31,10,,,,3,424327,24846,4676172,4,34
