NR_ATENDIMENTO,NR_ATENDIMENTO_MAE,DT_ENTRADA,DT_INICIO_ATENDIMENTO,DT_ATEND_MEDICO,DT_ALTA,DT_ALTA_MEDICO,DT_FIM_TRIAGEM,NR_SEQ_TRIAGEM,DT_MEDICACAO,CD_MOTIVO_ALTA,CD_MOTIVO_ALTA_MEDICA,IE_TIPO_ATENDIMENTO,CD_PESSOA_FISICA,CD_MEDICO_RESP,NR_SEQ_PAC_SENHA_FILA,IE_CLINICA,CD_ESTABELECIMENTO
5469283,,2022-04-28 05:46:10,2022-04-28 05:57:57,2022-04-28 06:02:13,,,2022-04-28 06:01:16,10,,,,3,1948341,38364,4723199,4,34
5469283,,2022-04-28 05:46:10,2022-04-28 05:57:57,2022-04-28 06:02:13,,,2022-04-28 06:01:16,10,,,,3,1948341,38364,4723199,4,34
5469286,,2022-04-28 05:59:07,2022-04-28 06:01:42,2022-04-28 06:23:58,,,2022-04-28 06:04:58,10,,,,3,1927749,38364,4723200,4,34
5469286,,2022-04-28 05:59:07,2022-04-28 06:01:42,2022-04-28 06:23:58,,,2022-04-28 06:04:58,10,,,,3,1927749,38364,4723200,4,34
