NR_ATENDIMENTO,NR_ATENDIMENTO_MAE,DT_ENTRADA,DT_INICIO_ATENDIMENTO,DT_ATEND_MEDICO,DT_ALTA,DT_ALTA_MEDICO,DT_FIM_TRIAGEM,NR_SEQ_TRIAGEM,DT_MEDICACAO,CD_MOTIVO_ALTA,CD_MOTIVO_ALTA_MEDICA,IE_TIPO_ATENDIMENTO,CD_PESSOA_FISICA,CD_MEDICO_RESP,NR_SEQ_PAC_SENHA_FILA,IE_CLINICA,CD_ESTABELECIMENTO
5212051,,2022-02-04 02:02:16,2022-02-04 02:27:46,2022-02-04 02:31:38,,,2022-02-04 02:28:37,10,,,,3,1642285,296935,4517509,1,1
5212051,,2022-02-04 02:02:16,2022-02-04 02:27:46,2022-02-04 02:31:38,,,2022-02-04 02:28:37,10,,,,3,1642285,296935,4517509,1,1
5212054,,2022-02-04 02:04:54,2022-02-04 02:06:44,2022-02-04 02:30:30,,,2022-02-04 02:12:31,10,,,,3,1908903,39889,4517508,4,34
5212054,,2022-02-04 02:04:54,2022-02-04 02:06:44,2022-02-04 02:30:30,,,2022-02-04 02:12:31,10,,,,3,1908903,39889,4517508,4,34
