NR_ATENDIMENTO,NR_ATENDIMENTO_MAE,DT_ENTRADA,DT_INICIO_ATENDIMENTO,DT_ATEND_MEDICO,DT_ALTA,DT_ALTA_MEDICO,DT_FIM_TRIAGEM,NR_SEQ_TRIAGEM,DT_MEDICACAO,CD_MOTIVO_ALTA,CD_MOTIVO_ALTA_MEDICA,IE_TIPO_ATENDIMENTO,CD_PESSOA_FISICA,CD_MEDICO_RESP,NR_SEQ_PAC_SENHA_FILA,IE_CLINICA,CD_ESTABELECIMENTO
5184699,,2022-01-28 06:48:32,2022-01-28 06:49:41,2022-01-28 07:44:34,,,2022-01-28 06:54:15,10,,,,3,593047,256,4496594,4,34
5184699,,2022-01-28 06:48:32,2022-01-28 06:49:41,2022-01-28 07:44:34,,,2022-01-28 06:54:15,10,,,,3,593047,256,4496594,4,34
5184719,,2022-01-28 06:59:54,2022-01-28 07:17:59,2022-01-28 08:02:45,,,2022-01-28 07:20:28,10,,,,3,532761,89555,4496612,1020,1
5184719,,2022-01-28 06:59:54,2022-01-28 07:17:59,2022-01-28 08:02:45,,,2022-01-28 07:20:28,10,,,,3,532761,89555,4496612,1020,1
