NR_ATENDIMENTO,NR_ATENDIMENTO_MAE,DT_ENTRADA,DT_INICIO_ATENDIMENTO,DT_ATEND_MEDICO,DT_ALTA,DT_ALTA_MEDICO,DT_FIM_TRIAGEM,NR_SEQ_TRIAGEM,DT_MEDICACAO,CD_MOTIVO_ALTA,CD_MOTIVO_ALTA_MEDICA,IE_TIPO_ATENDIMENTO,CD_PESSOA_FISICA,CD_MEDICO_RESP,NR_SEQ_PAC_SENHA_FILA,IE_CLINICA,CD_ESTABELECIMENTO
5294380,,2022-03-02 01:45:12,2022-03-02 01:58:05,2022-03-02 02:44:38,,,2022-03-02 02:02:40,10,,,,3,1201172,39889,4580055,4,34
5294380,,2022-03-02 01:45:12,2022-03-02 01:58:05,2022-03-02 02:44:38,,,2022-03-02 02:02:40,10,,,,3,1201172,39889,4580055,4,34
5294381,,2022-03-02 01:58:20,2022-03-02 02:02:44,2022-03-02 02:11:02,,,2022-03-02 02:03:12,10,,,,3,1979586,294401,4580056,4,34
5294381,,2022-03-02 01:58:20,2022-03-02 02:02:44,2022-03-02 02:11:02,,,2022-03-02 02:03:12,10,,,,3,1979586,294401,4580056,4,34
