NR_ATENDIMENTO,NR_ATENDIMENTO_MAE,DT_ENTRADA,DT_INICIO_ATENDIMENTO,DT_ATEND_MEDICO,DT_ALTA,DT_ALTA_MEDICO,DT_FIM_TRIAGEM,NR_SEQ_TRIAGEM,DT_MEDICACAO,CD_MOTIVO_ALTA,CD_MOTIVO_ALTA_MEDICA,IE_TIPO_ATENDIMENTO,CD_PESSOA_FISICA,CD_MEDICO_RESP,NR_SEQ_PAC_SENHA_FILA,IE_CLINICA,CD_ESTABELECIMENTO
5307486,,2022-03-06 02:21:12,,2022-03-06 02:39:58,2022-03-06 03:33:31,,,,2022-03-06 03:04:14,17,,3,1698064,302,4590830,6,1
5307486,,2022-03-06 02:21:12,,2022-03-06 02:39:58,2022-03-06 03:33:31,,,,2022-03-06 03:04:14,17,,3,1698064,302,4590830,6,1
5307486,,2022-03-06 02:21:12,,2022-03-06 02:39:58,2022-03-06 03:33:31,,,,2022-03-06 03:04:14,17,,3,1698064,302,4590830,6,1
5307486,,2022-03-06 02:21:12,,2022-03-06 02:39:58,2022-03-06 03:33:31,,,,2022-03-06 03:04:14,17,,3,1698064,302,4590830,6,1
