NR_ATENDIMENTO,NR_ATENDIMENTO_MAE,DT_ENTRADA,DT_INICIO_ATENDIMENTO,DT_ATEND_MEDICO,DT_ALTA,DT_ALTA_MEDICO,DT_FIM_TRIAGEM,NR_SEQ_TRIAGEM,DT_MEDICACAO,CD_MOTIVO_ALTA,CD_MOTIVO_ALTA_MEDICA,IE_TIPO_ATENDIMENTO,CD_PESSOA_FISICA,CD_MEDICO_RESP,NR_SEQ_PAC_SENHA_FILA,IE_CLINICA,CD_ESTABELECIMENTO
5163160,,2022-01-23 06:00:08,2022-01-23 06:02:54,2022-01-23 07:11:35,,,2022-01-23 06:05:25,10,,,,3,246730,39889,4480009,4,34
5163160,,2022-01-23 06:00:08,2022-01-23 06:02:54,2022-01-23 07:11:35,,,2022-01-23 06:05:25,10,,,,3,246730,39889,4480009,4,34
5163163,,2022-01-23 06:03:06,2022-01-23 06:06:18,2022-01-23 07:12:41,,,2022-01-23 06:07:49,10,,,,3,1965128,138007,4480010,4,34
5163163,,2022-01-23 06:03:06,2022-01-23 06:06:18,2022-01-23 07:12:41,,,2022-01-23 06:07:49,10,,,,3,1965128,138007,4480010,4,34
