NR_ATENDIMENTO,NR_ATENDIMENTO_MAE,DT_ENTRADA,DT_INICIO_ATENDIMENTO,DT_ATEND_MEDICO,DT_ALTA,DT_ALTA_MEDICO,DT_FIM_TRIAGEM,NR_SEQ_TRIAGEM,DT_MEDICACAO,CD_MOTIVO_ALTA,CD_MOTIVO_ALTA_MEDICA,IE_TIPO_ATENDIMENTO,CD_PESSOA_FISICA,CD_MEDICO_RESP,NR_SEQ_PAC_SENHA_FILA,IE_CLINICA,CD_ESTABELECIMENTO
5338231,,2022-03-15 21:34:32,2022-03-15 21:41:03,2022-03-15 22:28:29,,,2022-03-15 21:45:39,10,,,,3,1301047,267786,4616437,4,34
5338231,,2022-03-15 21:34:32,2022-03-15 21:41:03,2022-03-15 22:28:29,,,2022-03-15 21:45:39,10,,,,3,1301047,267786,4616437,4,34
5338240,,2022-03-15 21:43:28,2022-03-15 21:50:11,2022-03-15 22:33:17,,,2022-03-15 21:55:31,10,,,,3,1585718,39889,4616440,4,34
5338240,,2022-03-15 21:43:28,2022-03-15 21:50:11,2022-03-15 22:33:17,,,2022-03-15 21:55:31,10,,,,3,1585718,39889,4616440,4,34
