NR_ATENDIMENTO,NR_ATENDIMENTO_MAE,DT_ENTRADA,DT_INICIO_ATENDIMENTO,DT_ATEND_MEDICO,DT_ALTA,DT_ALTA_MEDICO,DT_FIM_TRIAGEM,NR_SEQ_TRIAGEM,DT_MEDICACAO,CD_MOTIVO_ALTA,CD_MOTIVO_ALTA_MEDICA,IE_TIPO_ATENDIMENTO,CD_PESSOA_FISICA,CD_MEDICO_RESP,NR_SEQ_PAC_SENHA_FILA,IE_CLINICA,CD_ESTABELECIMENTO
5348255,,2022-03-19 03:57:14,,2022-03-19 04:06:16,,,,,,,,3,615926,351,4624874,6,1
5348255,,2022-03-19 03:57:14,,2022-03-19 04:06:16,,,,,,,,3,615926,351,4624874,6,1
5348255,,2022-03-19 03:57:14,,2022-03-19 04:06:16,,,,,,,,3,615926,351,4624874,6,1
5348255,,2022-03-19 03:57:14,,2022-03-19 04:06:16,,,,,,,,3,615926,351,4624874,6,1
