NR_ATENDIMENTO,NR_ATENDIMENTO_MAE,DT_ENTRADA,DT_INICIO_ATENDIMENTO,DT_ATEND_MEDICO,DT_ALTA,DT_ALTA_MEDICO,DT_FIM_TRIAGEM,NR_SEQ_TRIAGEM,DT_MEDICACAO,CD_MOTIVO_ALTA,CD_MOTIVO_ALTA_MEDICA,IE_TIPO_ATENDIMENTO,CD_PESSOA_FISICA,CD_MEDICO_RESP,NR_SEQ_PAC_SENHA_FILA,IE_CLINICA,CD_ESTABELECIMENTO
5301343,,2022-03-04 06:33:39,2022-03-04 06:35:45,2022-03-04 07:53:37,2022-03-04 08:38:46,,2022-03-04 06:39:21,10.0,,17,,3,503140,256,4586078,4,34
5301357,,2022-03-04 06:44:07,,2022-03-04 07:21:28,2022-03-04 07:33:57,,,,,17,,3,1679313,253,4586089,6,1
5301357,,2022-03-04 06:44:07,,2022-03-04 07:21:28,2022-03-04 07:33:57,,,,,17,,3,1679313,253,4586089,6,1
5301357,,2022-03-04 06:44:07,,2022-03-04 07:21:28,2022-03-04 07:33:57,,,,,17,,3,1679313,253,4586089,6,1
