NR_ATENDIMENTO,NR_ATENDIMENTO_MAE,DT_ENTRADA,DT_INICIO_ATENDIMENTO,DT_ATEND_MEDICO,DT_ALTA,DT_ALTA_MEDICO,DT_FIM_TRIAGEM,NR_SEQ_TRIAGEM,DT_MEDICACAO,CD_MOTIVO_ALTA,CD_MOTIVO_ALTA_MEDICA,IE_TIPO_ATENDIMENTO,CD_PESSOA_FISICA,CD_MEDICO_RESP,NR_SEQ_PAC_SENHA_FILA,IE_CLINICA,CD_ESTABELECIMENTO
5477277,,2022-04-30 10:51:20,2022-04-30 10:52:44,2022-04-30 13:10:11,,,2022-04-30 10:55:13,10,,,,3,1939959,282,4729564,4,34
5477277,,2022-04-30 10:51:20,2022-04-30 10:52:44,2022-04-30 13:10:11,,,2022-04-30 10:55:13,10,,,,3,1939959,282,4729564,4,34
5477305,,2022-04-30 10:56:46,2022-04-30 10:58:34,2022-04-30 13:16:41,,,2022-04-30 11:00:49,10,,,,3,1637040,282,4729572,4,34
5477305,,2022-04-30 10:56:46,2022-04-30 10:58:34,2022-04-30 13:16:41,,,2022-04-30 11:00:49,10,,,,3,1637040,282,4729572,4,34
