NR_ATENDIMENTO,NR_ATENDIMENTO_MAE,DT_ENTRADA,DT_INICIO_ATENDIMENTO,DT_ATEND_MEDICO,DT_ALTA,DT_ALTA_MEDICO,DT_FIM_TRIAGEM,NR_SEQ_TRIAGEM,DT_MEDICACAO,CD_MOTIVO_ALTA,CD_MOTIVO_ALTA_MEDICA,IE_TIPO_ATENDIMENTO,CD_PESSOA_FISICA,CD_MEDICO_RESP,NR_SEQ_PAC_SENHA_FILA,IE_CLINICA,CD_ESTABELECIMENTO
5263297,,2022-02-18 23:24:11,2022-02-18 23:30:56,2022-02-19 01:28:15,,,2022-02-18 23:33:43,10,,,,3,1279531,296166,4557270,4,34
5263297,,2022-02-18 23:24:11,2022-02-18 23:30:56,2022-02-19 01:28:15,,,2022-02-18 23:33:43,10,,,,3,1279531,296166,4557270,4,34
5263302,,2022-02-18 23:26:50,2022-02-18 23:36:44,2022-02-18 23:46:59,,,2022-02-18 23:43:23,2,,,,3,1676187,55112,4557272,4,34
5263302,,2022-02-18 23:26:50,2022-02-18 23:36:44,2022-02-18 23:46:59,,,2022-02-18 23:43:23,2,,,,3,1676187,55112,4557272,4,34
