NR_ATENDIMENTO,NR_ATENDIMENTO_MAE,DT_ENTRADA,DT_INICIO_ATENDIMENTO,DT_ATEND_MEDICO,DT_ALTA,DT_ALTA_MEDICO,DT_FIM_TRIAGEM,NR_SEQ_TRIAGEM,DT_MEDICACAO,CD_MOTIVO_ALTA,CD_MOTIVO_ALTA_MEDICA,IE_TIPO_ATENDIMENTO,CD_PESSOA_FISICA,CD_MEDICO_RESP,NR_SEQ_PAC_SENHA_FILA,IE_CLINICA,CD_ESTABELECIMENTO
5462040,,2022-04-26 05:54:08,2022-04-26 05:55:58,2022-04-26 06:17:26,,,2022-04-26 05:58:57,2,,,,3,140966,54692,4716902,1,1
5462040,,2022-04-26 05:54:08,2022-04-26 05:55:58,2022-04-26 06:17:26,,,2022-04-26 05:58:57,2,,,,3,140966,54692,4716902,1,1
5462040,,2022-04-26 05:54:08,2022-04-26 05:55:58,2022-04-26 06:17:26,,,2022-04-26 05:58:57,2,,,,3,140966,54692,4716902,1,1
5462040,,2022-04-26 05:54:08,2022-04-26 05:55:58,2022-04-26 06:17:26,,,2022-04-26 05:58:57,2,,,,3,140966,54692,4716902,1,1
