NR_ATENDIMENTO,NR_ATENDIMENTO_MAE,DT_ENTRADA,DT_INICIO_ATENDIMENTO,DT_ATEND_MEDICO,DT_ALTA,DT_ALTA_MEDICO,DT_FIM_TRIAGEM,NR_SEQ_TRIAGEM,DT_MEDICACAO,CD_MOTIVO_ALTA,CD_MOTIVO_ALTA_MEDICA,IE_TIPO_ATENDIMENTO,CD_PESSOA_FISICA,CD_MEDICO_RESP,NR_SEQ_PAC_SENHA_FILA,IE_CLINICA,CD_ESTABELECIMENTO
5434578,,2022-04-16 05:57:55,2022-04-16 06:00:02,2022-04-16 06:04:04,,,2022-04-16 06:02:28,10,,,,3,1455255,55112,4695219,4,34
5434578,,2022-04-16 05:57:55,2022-04-16 06:00:02,2022-04-16 06:04:04,,,2022-04-16 06:02:28,10,,,,3,1455255,55112,4695219,4,34
5434581,,2022-04-16 05:58:35,2022-04-16 06:02:31,2022-04-16 06:13:18,,,2022-04-16 06:05:16,10,,,,3,1928785,55112,4695220,4,34
5434581,,2022-04-16 05:58:35,2022-04-16 06:02:31,2022-04-16 06:13:18,,,2022-04-16 06:05:16,10,,,,3,1928785,55112,4695220,4,34
