NR_ATENDIMENTO,NR_ATENDIMENTO_MAE,DT_ENTRADA,DT_INICIO_ATENDIMENTO,DT_ATEND_MEDICO,DT_ALTA,DT_ALTA_MEDICO,DT_FIM_TRIAGEM,NR_SEQ_TRIAGEM,DT_MEDICACAO,CD_MOTIVO_ALTA,CD_MOTIVO_ALTA_MEDICA,IE_TIPO_ATENDIMENTO,CD_PESSOA_FISICA,CD_MEDICO_RESP,NR_SEQ_PAC_SENHA_FILA,IE_CLINICA,CD_ESTABELECIMENTO
5149063,,2022-01-20 02:48:37,2022-01-20 02:52:39,2022-01-20 03:03:58,,,2022-01-20 02:57:07,2,,,,3,1951891,38364,4469452,4,34
5149063,,2022-01-20 02:48:37,2022-01-20 02:52:39,2022-01-20 03:03:58,,,2022-01-20 02:57:07,2,,,,3,1951891,38364,4469452,4,34
5149064,,2022-01-20 02:53:44,2022-01-20 02:56:14,2022-01-20 03:09:48,,,2022-01-20 02:56:33,10,,,,3,1946451,54692,4469455,1,1
5149064,,2022-01-20 02:53:44,2022-01-20 02:56:14,2022-01-20 03:09:48,,,2022-01-20 02:56:33,10,,,,3,1946451,54692,4469455,1,1
