NR_ATENDIMENTO,NR_ATENDIMENTO_MAE,DT_ENTRADA,DT_INICIO_ATENDIMENTO,DT_ATEND_MEDICO,DT_ALTA,DT_ALTA_MEDICO,DT_FIM_TRIAGEM,NR_SEQ_TRIAGEM,DT_MEDICACAO,CD_MOTIVO_ALTA,CD_MOTIVO_ALTA_MEDICA,IE_TIPO_ATENDIMENTO,CD_PESSOA_FISICA,CD_MEDICO_RESP,NR_SEQ_PAC_SENHA_FILA,IE_CLINICA,CD_ESTABELECIMENTO
5525454,,2022-05-16 06:47:12,2022-05-16 06:52:36,2022-05-16 07:05:56,,,2022-05-16 06:54:49,10,,,,3,1941013,261,4768467,1,1
5525454,,2022-05-16 06:47:12,2022-05-16 06:52:36,2022-05-16 07:05:56,,,2022-05-16 06:54:49,10,,,,3,1941013,261,4768467,1,1
5525460,,2022-05-16 06:49:51,2022-05-16 06:50:35,2022-05-16 07:07:35,,,2022-05-16 06:51:07,10,,,,3,108674,240912,4768479,1,1
5525460,,2022-05-16 06:49:51,2022-05-16 06:50:35,2022-05-16 07:07:35,,,2022-05-16 06:51:07,10,,,,3,108674,240912,4768479,1,1
