NR_ATENDIMENTO,NR_ATENDIMENTO_MAE,DT_ENTRADA,DT_INICIO_ATENDIMENTO,DT_ATEND_MEDICO,DT_ALTA,DT_ALTA_MEDICO,DT_FIM_TRIAGEM,NR_SEQ_TRIAGEM,DT_MEDICACAO,CD_MOTIVO_ALTA,CD_MOTIVO_ALTA_MEDICA,IE_TIPO_ATENDIMENTO,CD_PESSOA_FISICA,CD_MEDICO_RESP,NR_SEQ_PAC_SENHA_FILA,IE_CLINICA,CD_ESTABELECIMENTO
5413902,,2022-04-09 05:22:04,2022-04-09 05:26:33,2022-04-09 05:56:00,,,2022-04-09 05:32:24,10,,,,3,843939,55112,4678746,4,34
5413902,,2022-04-09 05:22:04,2022-04-09 05:26:33,2022-04-09 05:56:00,,,2022-04-09 05:32:24,10,,,,3,843939,55112,4678746,4,34
5413905,,2022-04-09 05:29:33,2022-04-09 05:32:29,2022-04-09 06:11:48,,,2022-04-09 05:37:02,10,,,,3,1991194,55112,4678749,4,34
5413905,,2022-04-09 05:29:33,2022-04-09 05:32:29,2022-04-09 06:11:48,,,2022-04-09 05:37:02,10,,,,3,1991194,55112,4678749,4,34
