NR_ATENDIMENTO,NR_ATENDIMENTO_MAE,DT_ENTRADA,DT_INICIO_ATENDIMENTO,DT_ATEND_MEDICO,DT_ALTA,DT_ALTA_MEDICO,DT_FIM_TRIAGEM,NR_SEQ_TRIAGEM,DT_MEDICACAO,CD_MOTIVO_ALTA,CD_MOTIVO_ALTA_MEDICA,IE_TIPO_ATENDIMENTO,CD_PESSOA_FISICA,CD_MEDICO_RESP,NR_SEQ_PAC_SENHA_FILA,IE_CLINICA,CD_ESTABELECIMENTO
5537561,,2022-05-19 12:33:04,2022-05-19 12:37:03,2022-05-19 13:23:41,,,2022-05-19 12:39:14,10,,,,3,1676336,233,4779064,4,34
5537561,,2022-05-19 12:33:04,2022-05-19 12:37:03,2022-05-19 13:23:41,,,2022-05-19 12:39:14,10,,,,3,1676336,233,4779064,4,34
5537574,,2022-05-19 12:42:12,2022-05-19 12:47:59,2022-05-19 12:58:39,,,2022-05-19 12:51:53,10,,,,3,2003351,233,4779075,4,34
5537574,,2022-05-19 12:42:12,2022-05-19 12:47:59,2022-05-19 12:58:39,,,2022-05-19 12:51:53,10,,,,3,2003351,233,4779075,4,34
