NR_ATENDIMENTO,NR_ATENDIMENTO_MAE,DT_ENTRADA,DT_INICIO_ATENDIMENTO,DT_ATEND_MEDICO,DT_ALTA,DT_ALTA_MEDICO,DT_FIM_TRIAGEM,NR_SEQ_TRIAGEM,DT_MEDICACAO,CD_MOTIVO_ALTA,CD_MOTIVO_ALTA_MEDICA,IE_TIPO_ATENDIMENTO,CD_PESSOA_FISICA,CD_MEDICO_RESP,NR_SEQ_PAC_SENHA_FILA,IE_CLINICA,CD_ESTABELECIMENTO
5179986,,2022-01-27 02:30:06,,2022-01-27 02:40:36,2022-01-27 05:49:00,,2022-01-27 02:31:36,,,17,,3,514452,113438,4492908,1,1
5179986,,2022-01-27 02:30:06,,2022-01-27 02:40:36,2022-01-27 05:49:00,,2022-01-27 02:31:36,,,17,,3,514452,113438,4492908,1,1
5179988,,2022-01-27 02:42:39,2022-01-27 02:44:22,,2022-01-27 02:47:24,,2022-01-27 02:44:49,10.0,,18,,3,333823,874,4492910,1020,1
5179989,,2022-01-27 02:42:58,2022-01-27 02:46:59,,2022-01-27 03:53:54,,,,,18,,3,1988333,1578770,4492909,4,34
