NR_ATENDIMENTO,NR_ATENDIMENTO_MAE,DT_ENTRADA,DT_INICIO_ATENDIMENTO,DT_ATEND_MEDICO,DT_ALTA,DT_ALTA_MEDICO,DT_FIM_TRIAGEM,NR_SEQ_TRIAGEM,DT_MEDICACAO,CD_MOTIVO_ALTA,CD_MOTIVO_ALTA_MEDICA,IE_TIPO_ATENDIMENTO,CD_PESSOA_FISICA,CD_MEDICO_RESP,NR_SEQ_PAC_SENHA_FILA,IE_CLINICA,CD_ESTABELECIMENTO
5329824,,2022-03-13 06:20:05,,2022-03-13 06:29:40,,,,,2022-03-13 06:56:59,,,3,738755,302,4609312,6,1
5329824,,2022-03-13 06:20:05,,2022-03-13 06:29:40,,,,,2022-03-13 06:56:59,,,3,738755,302,4609312,6,1
5329824,,2022-03-13 06:20:05,,2022-03-13 06:29:40,,,,,2022-03-13 06:56:59,,,3,738755,302,4609312,6,1
5329824,,2022-03-13 06:20:05,,2022-03-13 06:29:40,,,,,2022-03-13 06:56:59,,,3,738755,302,4609312,6,1
