NR_ATENDIMENTO,NR_ATENDIMENTO_MAE,DT_ENTRADA,DT_INICIO_ATENDIMENTO,DT_ATEND_MEDICO,DT_ALTA,DT_ALTA_MEDICO,DT_FIM_TRIAGEM,NR_SEQ_TRIAGEM,DT_MEDICACAO,CD_MOTIVO_ALTA,CD_MOTIVO_ALTA_MEDICA,IE_TIPO_ATENDIMENTO,CD_PESSOA_FISICA,CD_MEDICO_RESP,NR_SEQ_PAC_SENHA_FILA,IE_CLINICA,CD_ESTABELECIMENTO
5225372,,2022-02-07 22:47:46,2022-02-07 22:49:00,2022-02-07 22:54:51,,,2022-02-07 22:51:50,2,,,,3,154202,463105,4527556,1,1
5225372,,2022-02-07 22:47:46,2022-02-07 22:49:00,2022-02-07 22:54:51,,,2022-02-07 22:51:50,2,,,,3,154202,463105,4527556,1,1
5225376,,2022-02-07 22:57:19,2022-02-07 23:02:49,2022-02-07 23:23:15,,,2022-02-07 23:05:17,10,,,,3,1990269,607673,4527555,1020,1
5225376,,2022-02-07 22:57:19,2022-02-07 23:02:49,2022-02-07 23:23:15,,,2022-02-07 23:05:17,10,,,,3,1990269,607673,4527555,1020,1
