NR_ATENDIMENTO,NR_ATENDIMENTO_MAE,DT_ENTRADA,DT_INICIO_ATENDIMENTO,DT_ATEND_MEDICO,DT_ALTA,DT_ALTA_MEDICO,DT_FIM_TRIAGEM,NR_SEQ_TRIAGEM,DT_MEDICACAO,CD_MOTIVO_ALTA,CD_MOTIVO_ALTA_MEDICA,IE_TIPO_ATENDIMENTO,CD_PESSOA_FISICA,CD_MEDICO_RESP,NR_SEQ_PAC_SENHA_FILA,IE_CLINICA,CD_ESTABELECIMENTO
5395756,,2022-04-04 03:43:06,,2022-04-04 03:50:57,,2022-04-04 04:51:36,,,2022-04-04 03:53:43,,4,3,1000155,244,4663564,6,1
5395756,,2022-04-04 03:43:06,,2022-04-04 03:50:57,,2022-04-04 04:51:36,,,2022-04-04 03:53:43,,4,3,1000155,244,4663564,6,1
5395756,,2022-04-04 03:43:06,,2022-04-04 03:50:57,,2022-04-04 04:51:36,,,2022-04-04 03:53:43,,4,3,1000155,244,4663564,6,1
5395756,,2022-04-04 03:43:06,,2022-04-04 03:50:57,,2022-04-04 04:51:36,,,2022-04-04 03:53:43,,4,3,1000155,244,4663564,6,1
