NR_ATENDIMENTO,NR_ATENDIMENTO_MAE,DT_ENTRADA,DT_INICIO_ATENDIMENTO,DT_ATEND_MEDICO,DT_ALTA,DT_ALTA_MEDICO,DT_FIM_TRIAGEM,NR_SEQ_TRIAGEM,DT_MEDICACAO,CD_MOTIVO_ALTA,CD_MOTIVO_ALTA_MEDICA,IE_TIPO_ATENDIMENTO,CD_PESSOA_FISICA,CD_MEDICO_RESP,NR_SEQ_PAC_SENHA_FILA,IE_CLINICA,CD_ESTABELECIMENTO
5483859,,2022-05-03 00:59:43,,,2022-05-03 02:38:13,,,,2022-05-03 02:18:14,17,,3,1991470,874,4734734,210,1
5483859,,2022-05-03 00:59:43,,,2022-05-03 02:38:13,,,,2022-05-03 02:18:14,17,,3,1991470,874,4734734,210,1
5483859,,2022-05-03 00:59:43,,,2022-05-03 02:38:13,,,,2022-05-03 02:18:14,17,,3,1991470,874,4734734,210,1
5483859,,2022-05-03 00:59:43,,,2022-05-03 02:38:13,,,,2022-05-03 02:18:14,17,,3,1991470,874,4734734,210,1
