NR_ATENDIMENTO,NR_ATENDIMENTO_MAE,DT_ENTRADA,DT_INICIO_ATENDIMENTO,DT_ATEND_MEDICO,DT_ALTA,DT_ALTA_MEDICO,DT_FIM_TRIAGEM,NR_SEQ_TRIAGEM,DT_MEDICACAO,CD_MOTIVO_ALTA,CD_MOTIVO_ALTA_MEDICA,IE_TIPO_ATENDIMENTO,CD_PESSOA_FISICA,CD_MEDICO_RESP,NR_SEQ_PAC_SENHA_FILA,IE_CLINICA,CD_ESTABELECIMENTO
5513308,,2022-05-12 06:23:53,2022-05-12 06:27:08,2022-05-12 06:43:20,,,2022-05-12 06:29:23,10,,,,3,387254,285,4759080,4,34
5513308,,2022-05-12 06:23:53,2022-05-12 06:27:08,2022-05-12 06:43:20,,,2022-05-12 06:29:23,10,,,,3,387254,285,4759080,4,34
5513309,,2022-05-12 06:26:34,2022-05-12 06:29:16,2022-05-12 06:46:07,,,2022-05-12 06:30:35,10,,,,3,37442,235,4759083,1,1
5513309,,2022-05-12 06:26:34,2022-05-12 06:29:16,2022-05-12 06:46:07,,,2022-05-12 06:30:35,10,,,,3,37442,235,4759083,1,1
